--------------------------------------------------------
--  File created - Wednesday-April-13-2016   
--------------------------------------------------------
--------------------------------------------------------
--  DDL for Table ERROR_LOG_EMP
--------------------------------------------------------

  CREATE TABLE "SYSTEM"."ERROR_LOG_EMP" 
   (	"MESSAGE" VARCHAR2(100 BYTE), 
	"TIMEDATE" TIMESTAMP (6), 
	"OLD_DEPARTMENT" VARCHAR2(50 BYTE), 
	"NEW_DEPARTMENT" VARCHAR2(50 BYTE)
   ) PCTFREE 10 PCTUSED 40 INITRANS 1 MAXTRANS 255 NOCOMPRESS LOGGING
  STORAGE(INITIAL 65536 NEXT 1048576 MINEXTENTS 1 MAXEXTENTS 2147483645
  PCTINCREASE 0 FREELISTS 1 FREELIST GROUPS 1 BUFFER_POOL DEFAULT FLASH_CACHE DEFAULT CELL_FLASH_CACHE DEFAULT)
  TABLESPACE "SYSTEM" ;
--------------------------------------------------------
--  DDL for Table ADMIN
--------------------------------------------------------

  CREATE TABLE "SYSTEM"."ADMIN" 
   (	"A_ID" VARCHAR2(20 BYTE), 
	"FIRSTNAME" VARCHAR2(20 BYTE), 
	"LASTNAME" VARCHAR2(20 BYTE)
   ) PCTFREE 10 PCTUSED 40 INITRANS 1 MAXTRANS 255 NOCOMPRESS LOGGING
  STORAGE(INITIAL 65536 NEXT 1048576 MINEXTENTS 1 MAXEXTENTS 2147483645
  PCTINCREASE 0 FREELISTS 1 FREELIST GROUPS 1 BUFFER_POOL DEFAULT FLASH_CACHE DEFAULT CELL_FLASH_CACHE DEFAULT)
  TABLESPACE "SYSTEM" ;
--------------------------------------------------------
--  DDL for Table DOCTOR
--------------------------------------------------------

  CREATE TABLE "SYSTEM"."DOCTOR" 
   (	"D_ID" VARCHAR2(600 BYTE), 
	"LASTNAME" VARCHAR2(600 BYTE), 
	"FIRSTNAME" VARCHAR2(600 BYTE), 
	"DEPARTMENT" VARCHAR2(600 BYTE)
   ) PCTFREE 10 PCTUSED 40 INITRANS 1 MAXTRANS 255 NOCOMPRESS LOGGING
  STORAGE(INITIAL 65536 NEXT 1048576 MINEXTENTS 1 MAXEXTENTS 2147483645
  PCTINCREASE 0 FREELISTS 1 FREELIST GROUPS 1 BUFFER_POOL DEFAULT FLASH_CACHE DEFAULT CELL_FLASH_CACHE DEFAULT)
  TABLESPACE "SYSTEM" ;
--------------------------------------------------------
--  DDL for Table EMPLOYEE
--------------------------------------------------------

  CREATE TABLE "SYSTEM"."EMPLOYEE" 
   (	"USERNAME" VARCHAR2(20 BYTE), 
	"PASSWORD" VARCHAR2(100 BYTE), 
	"EMPID" VARCHAR2(6 BYTE), 
	"ROLE" VARCHAR2(6 BYTE)
   ) PCTFREE 10 PCTUSED 40 INITRANS 1 MAXTRANS 255 NOCOMPRESS LOGGING
  STORAGE(INITIAL 65536 NEXT 1048576 MINEXTENTS 1 MAXEXTENTS 2147483645
  PCTINCREASE 0 FREELISTS 1 FREELIST GROUPS 1 BUFFER_POOL DEFAULT FLASH_CACHE DEFAULT CELL_FLASH_CACHE DEFAULT)
  TABLESPACE "SYSTEM" ;
--------------------------------------------------------
--  DDL for Table ERROR_LOG
--------------------------------------------------------

  CREATE TABLE "SYSTEM"."ERROR_LOG" 
   (	"MESSAGE" VARCHAR2(100 BYTE), 
	"TIMEDATE" TIMESTAMP (6)
   ) PCTFREE 10 PCTUSED 40 INITRANS 1 MAXTRANS 255 NOCOMPRESS LOGGING
  STORAGE(INITIAL 65536 NEXT 1048576 MINEXTENTS 1 MAXEXTENTS 2147483645
  PCTINCREASE 0 FREELISTS 1 FREELIST GROUPS 1 BUFFER_POOL DEFAULT FLASH_CACHE DEFAULT CELL_FLASH_CACHE DEFAULT)
  TABLESPACE "SYSTEM" ;
--------------------------------------------------------
--  DDL for Table ERROR_LOG_PATIENT
--------------------------------------------------------

  CREATE TABLE "SYSTEM"."ERROR_LOG_PATIENT" 
   (	"MESSAGE" VARCHAR2(100 BYTE), 
	"TIMEDATE" TIMESTAMP (6)
   ) PCTFREE 10 PCTUSED 40 INITRANS 1 MAXTRANS 255 NOCOMPRESS LOGGING
  STORAGE(INITIAL 65536 NEXT 1048576 MINEXTENTS 1 MAXEXTENTS 2147483645
  PCTINCREASE 0 FREELISTS 1 FREELIST GROUPS 1 BUFFER_POOL DEFAULT FLASH_CACHE DEFAULT CELL_FLASH_CACHE DEFAULT)
  TABLESPACE "SYSTEM" ;
--------------------------------------------------------
--  DDL for Table NURSE
--------------------------------------------------------

  CREATE TABLE "SYSTEM"."NURSE" 
   (	"N_ID" VARCHAR2(600 BYTE), 
	"SUPERVISER_ID" VARCHAR2(20 BYTE), 
	"LASTNAME" VARCHAR2(600 BYTE), 
	"FIRSTNAME" VARCHAR2(600 BYTE), 
	"DEPARTMENT" VARCHAR2(600 BYTE)
   ) PCTFREE 10 PCTUSED 40 INITRANS 1 MAXTRANS 255 NOCOMPRESS LOGGING
  STORAGE(INITIAL 65536 NEXT 1048576 MINEXTENTS 1 MAXEXTENTS 2147483645
  PCTINCREASE 0 FREELISTS 1 FREELIST GROUPS 1 BUFFER_POOL DEFAULT FLASH_CACHE DEFAULT CELL_FLASH_CACHE DEFAULT)
  TABLESPACE "SYSTEM" ;
--------------------------------------------------------
--  DDL for Table PATIENT
--------------------------------------------------------

  CREATE TABLE "SYSTEM"."PATIENT" 
   (	"PATIENTID" VARCHAR2(255 BYTE), 
	"FIRSTNAME" VARCHAR2(255 BYTE), 
	"LASTNAME" VARCHAR2(255 BYTE), 
	"APARTMENT" VARCHAR2(255 BYTE), 
	"STREET" VARCHAR2(255 BYTE), 
	"CITY" VARCHAR2(255 BYTE), 
	"STATE" VARCHAR2(255 BYTE), 
	"ZIPCODE" NUMBER(*,0), 
	"AGE" NUMBER(*,0), 
	"BLOODGROUP" VARCHAR2(10 BYTE), 
	"ALLERGY" VARCHAR2(255 BYTE)
   ) PCTFREE 10 PCTUSED 40 INITRANS 1 MAXTRANS 255 NOCOMPRESS LOGGING
  STORAGE(INITIAL 65536 NEXT 1048576 MINEXTENTS 1 MAXEXTENTS 2147483645
  PCTINCREASE 0 FREELISTS 1 FREELIST GROUPS 1 BUFFER_POOL DEFAULT FLASH_CACHE DEFAULT CELL_FLASH_CACHE DEFAULT)
  TABLESPACE "SYSTEM" ;
--------------------------------------------------------
--  DDL for Table RECEPTIONIST
--------------------------------------------------------

  CREATE TABLE "SYSTEM"."RECEPTIONIST" 
   (	"R_ID" VARCHAR2(20 BYTE), 
	"FIRSTNAME" VARCHAR2(50 BYTE), 
	"LASTNAME" VARCHAR2(50 BYTE)
   ) PCTFREE 10 PCTUSED 40 INITRANS 1 MAXTRANS 255 NOCOMPRESS LOGGING
  STORAGE(INITIAL 65536 NEXT 1048576 MINEXTENTS 1 MAXEXTENTS 2147483645
  PCTINCREASE 0 FREELISTS 1 FREELIST GROUPS 1 BUFFER_POOL DEFAULT FLASH_CACHE DEFAULT CELL_FLASH_CACHE DEFAULT)
  TABLESPACE "SYSTEM" ;
--------------------------------------------------------
--  DDL for Table SESSIONTRACK
--------------------------------------------------------

  CREATE TABLE "SYSTEM"."SESSIONTRACK" 
   (	"SESSIONID" VARCHAR2(200 BYTE), 
	"ATTEMPTS" NUMBER, 
	"DATETIME" TIMESTAMP (6)
   ) PCTFREE 10 PCTUSED 40 INITRANS 1 MAXTRANS 255 NOCOMPRESS LOGGING
  STORAGE(INITIAL 65536 NEXT 1048576 MINEXTENTS 1 MAXEXTENTS 2147483645
  PCTINCREASE 0 FREELISTS 1 FREELIST GROUPS 1 BUFFER_POOL DEFAULT FLASH_CACHE DEFAULT CELL_FLASH_CACHE DEFAULT)
  TABLESPACE "SYSTEM" ;
--------------------------------------------------------
--  DDL for Table TREATMENT
--------------------------------------------------------

  CREATE TABLE "SYSTEM"."TREATMENT" 
   (	"T_ID" VARCHAR2(600 BYTE), 
	"DOC_ID" VARCHAR2(600 BYTE), 
	"PATIENTID_ID" VARCHAR2(600 BYTE), 
	"DATEFROM" DATE, 
	"DATETO" DATE, 
	"TREATMENTDESC" VARCHAR2(200 BYTE)
   ) PCTFREE 10 PCTUSED 40 INITRANS 1 MAXTRANS 255 NOCOMPRESS LOGGING
  STORAGE(INITIAL 65536 NEXT 1048576 MINEXTENTS 1 MAXEXTENTS 2147483645
  PCTINCREASE 0 FREELISTS 1 FREELIST GROUPS 1 BUFFER_POOL DEFAULT FLASH_CACHE DEFAULT CELL_FLASH_CACHE DEFAULT)
  TABLESPACE "SYSTEM" ;
--------------------------------------------------------
--  DDL for View RECEPTIONISTVIEW
--------------------------------------------------------

  CREATE OR REPLACE FORCE VIEW "SYSTEM"."RECEPTIONISTVIEW" ("PATIENTID", "FIRSTNAME", "LASTNAME", "APARTMENT", "STREET", "CITY", "STATE", "ZIPCODE", "AGE", "BLOODGROUP", "ALLERGY") AS 
  Select PatientId,FirstName,LastName,Apartment,Street,City,State,Zipcode,SUBSTR(PATIENT.Age,1,0)||'**' as Age,
SUBSTR(Patient.Bloodgroup,1,0)||'**' as Bloodgroup ,SUBSTR(Patient.allergy,1,0)||'******' as Allergy from patient;
--------------------------------------------------------
--  DDL for View TREATMENTNDPATIENT
--------------------------------------------------------

  CREATE OR REPLACE FORCE VIEW "SYSTEM"."TREATMENTNDPATIENT" ("DOC_ID", "T_ID", "PATIENTID_ID", "FIRSTNAME", "LASTNAME", "AGE", "BLOODGROUP", "ALLERGY", "TREATMENTDESC", "DATEFROM", "DATETO") AS 
  select treatment.DOC_ID,treatment.T_ID,  treatment.PatientID_ID, 
patient.firstname, patient.lastname, patient.age, patient.bloodgroup, patient.ALLERGY,treatment.TREATMENTDESC, treatment.datefrom, treatment.dateTo
from treatment inner join patient
on treatment.PatientID_ID=patient.patientId;
REM INSERTING into SYSTEM.ERROR_LOG_EMP
SET DEFINE OFF;
Insert into SYSTEM.ERROR_LOG_EMP (MESSAGE,TIMEDATE,OLD_DEPARTMENT,NEW_DEPARTMENT) values ('EMPLOYEE RECORD UPDATED',to_timestamp('12-APR-16 03.10.35.337000000 AM','DD-MON-RR HH.MI.SSXFF AM'),'doctor','recep');
Insert into SYSTEM.ERROR_LOG_EMP (MESSAGE,TIMEDATE,OLD_DEPARTMENT,NEW_DEPARTMENT) values ('EMPLOYEE RECORD UPDATED',to_timestamp('12-APR-16 04.22.48.329000000 AM','DD-MON-RR HH.MI.SSXFF AM'),null,null);
Insert into SYSTEM.ERROR_LOG_EMP (MESSAGE,TIMEDATE,OLD_DEPARTMENT,NEW_DEPARTMENT) values ('EMPLOYEE RECORD UPDATED',to_timestamp('12-APR-16 04.29.32.724000000 AM','DD-MON-RR HH.MI.SSXFF AM'),null,null);
Insert into SYSTEM.ERROR_LOG_EMP (MESSAGE,TIMEDATE,OLD_DEPARTMENT,NEW_DEPARTMENT) values ('EMPLOYEE RECORD UPDATED',to_timestamp('12-APR-16 04.34.50.959000000 AM','DD-MON-RR HH.MI.SSXFF AM'),null,null);
Insert into SYSTEM.ERROR_LOG_EMP (MESSAGE,TIMEDATE,OLD_DEPARTMENT,NEW_DEPARTMENT) values ('EMPLOYEE RECORD UPDATED',to_timestamp('12-APR-16 02.33.11.023000000 PM','DD-MON-RR HH.MI.SSXFF AM'),null,null);
Insert into SYSTEM.ERROR_LOG_EMP (MESSAGE,TIMEDATE,OLD_DEPARTMENT,NEW_DEPARTMENT) values ('EMPLOYEE RECORD UPDATED',to_timestamp('12-APR-16 04.10.26.443000000 PM','DD-MON-RR HH.MI.SSXFF AM'),null,null);
Insert into SYSTEM.ERROR_LOG_EMP (MESSAGE,TIMEDATE,OLD_DEPARTMENT,NEW_DEPARTMENT) values ('EMPLOYEE RECORD UPDATED',to_timestamp('12-APR-16 04.39.42.427000000 PM','DD-MON-RR HH.MI.SSXFF AM'),null,null);
Insert into SYSTEM.ERROR_LOG_EMP (MESSAGE,TIMEDATE,OLD_DEPARTMENT,NEW_DEPARTMENT) values ('EMPLOYEE RECORD UPDATED',to_timestamp('12-APR-16 04.57.04.757000000 PM','DD-MON-RR HH.MI.SSXFF AM'),null,null);
Insert into SYSTEM.ERROR_LOG_EMP (MESSAGE,TIMEDATE,OLD_DEPARTMENT,NEW_DEPARTMENT) values ('EMPLOYEE RECORD UPDATED',to_timestamp('13-APR-16 12.51.13.899000000 AM','DD-MON-RR HH.MI.SSXFF AM'),null,null);
Insert into SYSTEM.ERROR_LOG_EMP (MESSAGE,TIMEDATE,OLD_DEPARTMENT,NEW_DEPARTMENT) values ('ROLE UPDATE',to_timestamp('13-APR-16 03.23.29.468000000 PM','DD-MON-RR HH.MI.SSXFF AM'),'doctor','recep');
Insert into SYSTEM.ERROR_LOG_EMP (MESSAGE,TIMEDATE,OLD_DEPARTMENT,NEW_DEPARTMENT) values ('EMPLOYEE RECORD UPDATED',to_timestamp('13-APR-16 03.23.29.480000000 PM','DD-MON-RR HH.MI.SSXFF AM'),null,null);
Insert into SYSTEM.ERROR_LOG_EMP (MESSAGE,TIMEDATE,OLD_DEPARTMENT,NEW_DEPARTMENT) values ('ROLE UPDATE',to_timestamp('13-APR-16 03.24.16.365000000 PM','DD-MON-RR HH.MI.SSXFF AM'),'recep','doctor');
Insert into SYSTEM.ERROR_LOG_EMP (MESSAGE,TIMEDATE,OLD_DEPARTMENT,NEW_DEPARTMENT) values ('EMPLOYEE RECORD UPDATED',to_timestamp('13-APR-16 03.24.16.366000000 PM','DD-MON-RR HH.MI.SSXFF AM'),null,null);
Insert into SYSTEM.ERROR_LOG_EMP (MESSAGE,TIMEDATE,OLD_DEPARTMENT,NEW_DEPARTMENT) values ('ROLE UPDATE',to_timestamp('13-APR-16 09.35.41.688000000 PM','DD-MON-RR HH.MI.SSXFF AM'),'recep','nurse');
Insert into SYSTEM.ERROR_LOG_EMP (MESSAGE,TIMEDATE,OLD_DEPARTMENT,NEW_DEPARTMENT) values ('ROLE UPDATE',to_timestamp('13-APR-16 09.37.15.289000000 PM','DD-MON-RR HH.MI.SSXFF AM'),'nurse','recep');
REM INSERTING into SYSTEM.ADMIN
SET DEFINE OFF;
Insert into SYSTEM.ADMIN (A_ID,FIRSTNAME,LASTNAME) values ('15','veena','patil');
REM INSERTING into SYSTEM.DOCTOR
SET DEFINE OFF;
Insert into SYSTEM.DOCTOR (D_ID,LASTNAME,FIRSTNAME,DEPARTMENT) values ('1','Apurwa','Dandekar','Neuro');
Insert into SYSTEM.DOCTOR (D_ID,LASTNAME,FIRSTNAME,DEPARTMENT) values ('4','Cheryl','King','Pediatritiaon');
Insert into SYSTEM.DOCTOR (D_ID,LASTNAME,FIRSTNAME,DEPARTMENT) values ('7','leena','Leena','Orthopedics');
Insert into SYSTEM.DOCTOR (D_ID,LASTNAME,FIRSTNAME,DEPARTMENT) values ('20','Rumade','Arun','Peditrition');
Insert into SYSTEM.DOCTOR (D_ID,LASTNAME,FIRSTNAME,DEPARTMENT) values ('10','Juan','Kim','Cardio');
Insert into SYSTEM.DOCTOR (D_ID,LASTNAME,FIRSTNAME,DEPARTMENT) values ('12','Holmes','Nisha','Peditrition');
Insert into SYSTEM.DOCTOR (D_ID,LASTNAME,FIRSTNAME,DEPARTMENT) values ('17','Jethwani','Mohita','Gynac');
Insert into SYSTEM.DOCTOR (D_ID,LASTNAME,FIRSTNAME,DEPARTMENT) values ('21','Advani','Aditya','Cardio');
REM INSERTING into SYSTEM.EMPLOYEE
SET DEFINE OFF;
Insert into SYSTEM.EMPLOYEE (USERNAME,PASSWORD,EMPID,ROLE) values ('apurwa','ritnew11','1','doctor');
Insert into SYSTEM.EMPLOYEE (USERNAME,PASSWORD,EMPID,ROLE) values ('monica','crittrit343new','2','recep');
Insert into SYSTEM.EMPLOYEE (USERNAME,PASSWORD,EMPID,ROLE) values ('kyle','noo3password','3','nurse');
Insert into SYSTEM.EMPLOYEE (USERNAME,PASSWORD,EMPID,ROLE) values ('cheryl','10plus4is14','4','doctor');
Insert into SYSTEM.EMPLOYEE (USERNAME,PASSWORD,EMPID,ROLE) values ('mainadmin','pallakadpalghar','5','admin');
Insert into SYSTEM.EMPLOYEE (USERNAME,PASSWORD,EMPID,ROLE) values ('ana','get123','6','nurse');
Insert into SYSTEM.EMPLOYEE (USERNAME,PASSWORD,EMPID,ROLE) values ('leena','leena','7','doctor');
Insert into SYSTEM.EMPLOYEE (USERNAME,PASSWORD,EMPID,ROLE) values ('Rini','rini','8','nurse');
Insert into SYSTEM.EMPLOYEE (USERNAME,PASSWORD,EMPID,ROLE) values ('Kim','kimddd','9','doctor');
Insert into SYSTEM.EMPLOYEE (USERNAME,PASSWORD,EMPID,ROLE) values ('Kim','1234','10','doctor');
Insert into SYSTEM.EMPLOYEE (USERNAME,PASSWORD,EMPID,ROLE) values ('thomas','12thom12','11','recep');
Insert into SYSTEM.EMPLOYEE (USERNAME,PASSWORD,EMPID,ROLE) values ('Nisha','ppp','12','doctor');
Insert into SYSTEM.EMPLOYEE (USERNAME,PASSWORD,EMPID,ROLE) values ('789','78912','13','recep');
Insert into SYSTEM.EMPLOYEE (USERNAME,PASSWORD,EMPID,ROLE) values ('Pamela','¾?ú%;CÒg?#md','14','recep');
Insert into SYSTEM.EMPLOYEE (USERNAME,PASSWORD,EMPID,ROLE) values ('superadmin','ÖOEÿ¢<zûú?ÂQfç','15','admin');
Insert into SYSTEM.EMPLOYEE (USERNAME,PASSWORD,EMPID,ROLE) values ('mohita','·©¦FÄç? ?ÒArJâóK','17','doctor');
Insert into SYSTEM.EMPLOYEE (USERNAME,PASSWORD,EMPID,ROLE) values ('reena','# ºHA#Ó¸K&æ]ÑÞ','16','recep');
Insert into SYSTEM.EMPLOYEE (USERNAME,PASSWORD,EMPID,ROLE) values ('seema','óí?Í9÷ {¬xãJÝ	¨0','18','nurse');
Insert into SYSTEM.EMPLOYEE (USERNAME,PASSWORD,EMPID,ROLE) values ('mona','Ö]?qCÄf"2Oèó?MGã','19','nurse');
Insert into SYSTEM.EMPLOYEE (USERNAME,PASSWORD,EMPID,ROLE) values ('arun','\ùëák/,ª$ÍÝ','20','doctor');
Insert into SYSTEM.EMPLOYEE (USERNAME,PASSWORD,EMPID,ROLE) values ('aditya','S¸ÛùÉáb¯;?-:&§','21','doctor');
REM INSERTING into SYSTEM.ERROR_LOG
SET DEFINE OFF;
Insert into SYSTEM.ERROR_LOG (MESSAGE,TIMEDATE) values ('Patient Record Updated at:',to_timestamp('12-APR-16 02.35.32.182000000 PM','DD-MON-RR HH.MI.SSXFF AM'));
Insert into SYSTEM.ERROR_LOG (MESSAGE,TIMEDATE) values ('Patient Record Updated at:',to_timestamp('12-APR-16 02.58.46.265000000 AM','DD-MON-RR HH.MI.SSXFF AM'));
Insert into SYSTEM.ERROR_LOG (MESSAGE,TIMEDATE) values ('Patient Record Updated at:',to_timestamp('12-APR-16 03.00.30.305000000 AM','DD-MON-RR HH.MI.SSXFF AM'));
Insert into SYSTEM.ERROR_LOG (MESSAGE,TIMEDATE) values ('Patient Record Updated at:',to_timestamp('12-APR-16 02.21.02.931000000 PM','DD-MON-RR HH.MI.SSXFF AM'));
Insert into SYSTEM.ERROR_LOG (MESSAGE,TIMEDATE) values ('Patient Record Updated at:',to_timestamp('12-APR-16 02.35.21.203000000 PM','DD-MON-RR HH.MI.SSXFF AM'));
Insert into SYSTEM.ERROR_LOG (MESSAGE,TIMEDATE) values ('Patient Record Updated at:',to_timestamp('12-APR-16 02.53.07.735000000 PM','DD-MON-RR HH.MI.SSXFF AM'));
Insert into SYSTEM.ERROR_LOG (MESSAGE,TIMEDATE) values ('Patient Record Updated at:',to_timestamp('12-APR-16 02.53.23.594000000 PM','DD-MON-RR HH.MI.SSXFF AM'));
Insert into SYSTEM.ERROR_LOG (MESSAGE,TIMEDATE) values ('Patient Record Updated at:',to_timestamp('12-APR-16 02.54.09.681000000 PM','DD-MON-RR HH.MI.SSXFF AM'));
Insert into SYSTEM.ERROR_LOG (MESSAGE,TIMEDATE) values ('Patient Record Updated at:',to_timestamp('12-APR-16 02.59.21.019000000 PM','DD-MON-RR HH.MI.SSXFF AM'));
Insert into SYSTEM.ERROR_LOG (MESSAGE,TIMEDATE) values ('Patient Record Updated at:',to_timestamp('12-APR-16 02.59.37.551000000 PM','DD-MON-RR HH.MI.SSXFF AM'));
Insert into SYSTEM.ERROR_LOG (MESSAGE,TIMEDATE) values ('Patient Record Updated at:',to_timestamp('12-APR-16 04.55.37.126000000 PM','DD-MON-RR HH.MI.SSXFF AM'));
Insert into SYSTEM.ERROR_LOG (MESSAGE,TIMEDATE) values ('Patient Record Updated at:',to_timestamp('13-APR-16 12.44.48.631000000 AM','DD-MON-RR HH.MI.SSXFF AM'));
Insert into SYSTEM.ERROR_LOG (MESSAGE,TIMEDATE) values ('Patient Record Updated at:',to_timestamp('13-APR-16 12.57.12.047000000 AM','DD-MON-RR HH.MI.SSXFF AM'));
Insert into SYSTEM.ERROR_LOG (MESSAGE,TIMEDATE) values ('Patient Record Updated at:',to_timestamp('13-APR-16 04.44.19.665000000 PM','DD-MON-RR HH.MI.SSXFF AM'));
Insert into SYSTEM.ERROR_LOG (MESSAGE,TIMEDATE) values ('Patient Record Updated at:',to_timestamp('13-APR-16 07.08.42.988000000 PM','DD-MON-RR HH.MI.SSXFF AM'));
Insert into SYSTEM.ERROR_LOG (MESSAGE,TIMEDATE) values ('EMPLOYEE RECORD UPDATED',to_timestamp('13-APR-16 09.35.41.710000000 PM','DD-MON-RR HH.MI.SSXFF AM'));
Insert into SYSTEM.ERROR_LOG (MESSAGE,TIMEDATE) values ('EMPLOYEE RECORD UPDATED',to_timestamp('13-APR-16 09.37.15.289000000 PM','DD-MON-RR HH.MI.SSXFF AM'));
REM INSERTING into SYSTEM.ERROR_LOG_PATIENT
SET DEFINE OFF;
Insert into SYSTEM.ERROR_LOG_PATIENT (MESSAGE,TIMEDATE) values ('Patient Record Updated at:',to_timestamp('13-APR-16 09.38.12.264000000 PM','DD-MON-RR HH.MI.SSXFF AM'));
REM INSERTING into SYSTEM.NURSE
SET DEFINE OFF;
Insert into SYSTEM.NURSE (N_ID,SUPERVISER_ID,LASTNAME,FIRSTNAME,DEPARTMENT) values ('3','1','Kyle','Geller','Neuro');
Insert into SYSTEM.NURSE (N_ID,SUPERVISER_ID,LASTNAME,FIRSTNAME,DEPARTMENT) values ('6','4','Ana','Watson','Gynaco');
Insert into SYSTEM.NURSE (N_ID,SUPERVISER_ID,LASTNAME,FIRSTNAME,DEPARTMENT) values ('8','7','walls','Rini',null);
Insert into SYSTEM.NURSE (N_ID,SUPERVISER_ID,LASTNAME,FIRSTNAME,DEPARTMENT) values ('18','17','verma','Seema','Gynac');
Insert into SYSTEM.NURSE (N_ID,SUPERVISER_ID,LASTNAME,FIRSTNAME,DEPARTMENT) values ('19','17','Kapoor','Mona','Gynac');
REM INSERTING into SYSTEM.PATIENT
SET DEFINE OFF;
Insert into SYSTEM.PATIENT (PATIENTID,FIRSTNAME,LASTNAME,APARTMENT,STREET,CITY,STATE,ZIPCODE,AGE,BLOODGROUP,ALLERGY) values ('1','David','Green','webster','donald road','Webster','New York',12345,780,'O+','Cocunut');
Insert into SYSTEM.PATIENT (PATIENTID,FIRSTNAME,LASTNAME,APARTMENT,STREET,CITY,STATE,ZIPCODE,AGE,BLOODGROUP,ALLERGY) values ('2','Anju','Pachpute','Queens','wallstreet','New York','New York',12345,23,'O','NA');
Insert into SYSTEM.PATIENT (PATIENTID,FIRSTNAME,LASTNAME,APARTMENT,STREET,CITY,STATE,ZIPCODE,AGE,BLOODGROUP,ALLERGY) values ('3','abc','Pachpute','Rochester','68 Crittenden Way','Rochester','New York',14623,23,'O','NA');
Insert into SYSTEM.PATIENT (PATIENTID,FIRSTNAME,LASTNAME,APARTMENT,STREET,CITY,STATE,ZIPCODE,AGE,BLOODGROUP,ALLERGY) values ('4','Neha','Sharma','Buffalo','56 Ronalds Drive','Buffalo','New York',15678,30,'O+','Alrgies from peanuts, lemon');
Insert into SYSTEM.PATIENT (PATIENTID,FIRSTNAME,LASTNAME,APARTMENT,STREET,CITY,STATE,ZIPCODE,AGE,BLOODGROUP,ALLERGY) values ('5','Neha','Noon','58 gardenview','garden road','Fairfax','Virginia',23456,35,'B+','Kiwi');
Insert into SYSTEM.PATIENT (PATIENTID,FIRSTNAME,LASTNAME,APARTMENT,STREET,CITY,STATE,ZIPCODE,AGE,BLOODGROUP,ALLERGY) values ('6','Gil','Hakami','Syracuse','brodway','Syracuse','New York',16789,76,'A+','None');
Insert into SYSTEM.PATIENT (PATIENTID,FIRSTNAME,LASTNAME,APARTMENT,STREET,CITY,STATE,ZIPCODE,AGE,BLOODGROUP,ALLERGY) values ('7','Sheena','Koni','Rochester','star way','Rochester','New York',14627,null,null,null);
Insert into SYSTEM.PATIENT (PATIENTID,FIRSTNAME,LASTNAME,APARTMENT,STREET,CITY,STATE,ZIPCODE,AGE,BLOODGROUP,ALLERGY) values ('10','Emily','Clark','Barbara','german road','Barbara','Florida',34566,27,'AB+','Cocunut');
Insert into SYSTEM.PATIENT (PATIENTID,FIRSTNAME,LASTNAME,APARTMENT,STREET,CITY,STATE,ZIPCODE,AGE,BLOODGROUP,ALLERGY) values ('8','Uttam','Mali','malta 78','Fortify','malta','New York',14689,54,'B+','olives');
Insert into SYSTEM.PATIENT (PATIENTID,FIRSTNAME,LASTNAME,APARTMENT,STREET,CITY,STATE,ZIPCODE,AGE,BLOODGROUP,ALLERGY) values ('11','Mark','Watson','Rochester','North West Street','Rochester','New York',14623,null,null,null);
Insert into SYSTEM.PATIENT (PATIENTID,FIRSTNAME,LASTNAME,APARTMENT,STREET,CITY,STATE,ZIPCODE,AGE,BLOODGROUP,ALLERGY) values ('9','Ben','Maria','Dallas','golden villa','Dallas','TX',75252,null,null,null);
Insert into SYSTEM.PATIENT (PATIENTID,FIRSTNAME,LASTNAME,APARTMENT,STREET,CITY,STATE,ZIPCODE,AGE,BLOODGROUP,ALLERGY) values ('12','Ben','Maria','Dallas','golden villa','Dallas','TX',75252,23,'A+','Mushrooms');
Insert into SYSTEM.PATIENT (PATIENTID,FIRSTNAME,LASTNAME,APARTMENT,STREET,CITY,STATE,ZIPCODE,AGE,BLOODGROUP,ALLERGY) values ('13','Sam','Kochi','Syracuse','german road','Syracuse','NY',14623,37,'O+','grapes');
Insert into SYSTEM.PATIENT (PATIENTID,FIRSTNAME,LASTNAME,APARTMENT,STREET,CITY,STATE,ZIPCODE,AGE,BLOODGROUP,ALLERGY) values ('14','Tom','Hudson','New York','brodway','New York','Florida',88,9,'B+','Cashew');
Insert into SYSTEM.PATIENT (PATIENTID,FIRSTNAME,LASTNAME,APARTMENT,STREET,CITY,STATE,ZIPCODE,AGE,BLOODGROUP,ALLERGY) values ('15','Anushka','Dandekar','Rochester','68 Crittenden Way','Rochester','NY',14623,25,'O+','Dust');
Insert into SYSTEM.PATIENT (PATIENTID,FIRSTNAME,LASTNAME,APARTMENT,STREET,CITY,STATE,ZIPCODE,AGE,BLOODGROUP,ALLERGY) values ('16','max','Lee','Dallas','Forest road','Dallas','Texas',98766,31,'A+','Cashew');
Insert into SYSTEM.PATIENT (PATIENTID,FIRSTNAME,LASTNAME,APARTMENT,STREET,CITY,STATE,ZIPCODE,AGE,BLOODGROUP,ALLERGY) values ('17','Andy','Cot','Dallas','7740 Mccallum Blvd ','Dallas','TX',75252,23,'O+','Dust, Cheese');
Insert into SYSTEM.PATIENT (PATIENTID,FIRSTNAME,LASTNAME,APARTMENT,STREET,CITY,STATE,ZIPCODE,AGE,BLOODGROUP,ALLERGY) values ('18','John','Geil','Barbara','Crittenden Way','Barbara','New York',75252,27,'A+','None');
Insert into SYSTEM.PATIENT (PATIENTID,FIRSTNAME,LASTNAME,APARTMENT,STREET,CITY,STATE,ZIPCODE,AGE,BLOODGROUP,ALLERGY) values ('19','Roy','Will','Syracuse','german road','Syracuse','New York',16789,null,null,null);
Insert into SYSTEM.PATIENT (PATIENTID,FIRSTNAME,LASTNAME,APARTMENT,STREET,CITY,STATE,ZIPCODE,AGE,BLOODGROUP,ALLERGY) values ('20','Riya','Sen','Boston','North Street','Boston','massachusetts',34566,45,'AB+','NONE');
REM INSERTING into SYSTEM.RECEPTIONIST
SET DEFINE OFF;
Insert into SYSTEM.RECEPTIONIST (R_ID,FIRSTNAME,LASTNAME) values ('11','thomas','12thom12');
Insert into SYSTEM.RECEPTIONIST (R_ID,FIRSTNAME,LASTNAME) values ('13','789','78912');
Insert into SYSTEM.RECEPTIONIST (R_ID,FIRSTNAME,LASTNAME) values ('16','reena','Dalal');
Insert into SYSTEM.RECEPTIONIST (R_ID,FIRSTNAME,LASTNAME) values ('14','Pamela','¾?ú%;CÒg?#md');
REM INSERTING into SYSTEM.SESSIONTRACK
SET DEFINE OFF;
Insert into SYSTEM.SESSIONTRACK (SESSIONID,ATTEMPTS,DATETIME) values ('A93881CA7F85DE96236E664E4A84A46Capurwa',1,to_timestamp('13-APR-16 12.11.53.467000000 PM','DD-MON-RR HH.MI.SSXFF AM'));
Insert into SYSTEM.SESSIONTRACK (SESSIONID,ATTEMPTS,DATETIME) values ('F726457FB41F87F2DD853ADD43662940apurwa',2,to_timestamp('13-APR-16 12.13.57.903000000 PM','DD-MON-RR HH.MI.SSXFF AM'));
Insert into SYSTEM.SESSIONTRACK (SESSIONID,ATTEMPTS,DATETIME) values ('6A97DF291D8BCBFE5C726733EB658ED2apurwa',4,to_timestamp('13-APR-16 12.17.35.421000000 PM','DD-MON-RR HH.MI.SSXFF AM'));
Insert into SYSTEM.SESSIONTRACK (SESSIONID,ATTEMPTS,DATETIME) values ('apurwa',4,to_timestamp('13-APR-16 05.53.24.411000000 PM','DD-MON-RR HH.MI.SSXFF AM'));
Insert into SYSTEM.SESSIONTRACK (SESSIONID,ATTEMPTS,DATETIME) values ('reena',0,to_timestamp('13-APR-16 07.36.08.716000000 PM','DD-MON-RR HH.MI.SSXFF AM'));
Insert into SYSTEM.SESSIONTRACK (SESSIONID,ATTEMPTS,DATETIME) values ('mohita',0,to_timestamp('13-APR-16 07.30.39.706000000 PM','DD-MON-RR HH.MI.SSXFF AM'));
Insert into SYSTEM.SESSIONTRACK (SESSIONID,ATTEMPTS,DATETIME) values ('seema',4,to_timestamp('13-APR-16 07.58.30.951000000 PM','DD-MON-RR HH.MI.SSXFF AM'));
REM INSERTING into SYSTEM.RECEPTIONISTVIEW
SET DEFINE OFF;
Insert into SYSTEM.RECEPTIONISTVIEW (PATIENTID,FIRSTNAME,LASTNAME,APARTMENT,STREET,CITY,STATE,ZIPCODE,AGE,BLOODGROUP,ALLERGY) values ('1','David','Green','webster','donald road','Webster','New York',12345,'**','**','******');
Insert into SYSTEM.RECEPTIONISTVIEW (PATIENTID,FIRSTNAME,LASTNAME,APARTMENT,STREET,CITY,STATE,ZIPCODE,AGE,BLOODGROUP,ALLERGY) values ('2','Anju','Pachpute','Queens','wallstreet','New York','New York',12345,'**','**','******');
Insert into SYSTEM.RECEPTIONISTVIEW (PATIENTID,FIRSTNAME,LASTNAME,APARTMENT,STREET,CITY,STATE,ZIPCODE,AGE,BLOODGROUP,ALLERGY) values ('3','abc','Pachpute','Rochester','68 Crittenden Way','Rochester','New York',14623,'**','**','******');
Insert into SYSTEM.RECEPTIONISTVIEW (PATIENTID,FIRSTNAME,LASTNAME,APARTMENT,STREET,CITY,STATE,ZIPCODE,AGE,BLOODGROUP,ALLERGY) values ('4','Neha','Sharma','Buffalo','56 Ronalds Drive','Buffalo','New York',15678,'**','**','******');
Insert into SYSTEM.RECEPTIONISTVIEW (PATIENTID,FIRSTNAME,LASTNAME,APARTMENT,STREET,CITY,STATE,ZIPCODE,AGE,BLOODGROUP,ALLERGY) values ('5','Neha','Noon','58 gardenview','garden road','Fairfax','Virginia',23456,'**','**','******');
Insert into SYSTEM.RECEPTIONISTVIEW (PATIENTID,FIRSTNAME,LASTNAME,APARTMENT,STREET,CITY,STATE,ZIPCODE,AGE,BLOODGROUP,ALLERGY) values ('6','Gil','Hakami','Syracuse','brodway','Syracuse','New York',16789,'**','**','******');
Insert into SYSTEM.RECEPTIONISTVIEW (PATIENTID,FIRSTNAME,LASTNAME,APARTMENT,STREET,CITY,STATE,ZIPCODE,AGE,BLOODGROUP,ALLERGY) values ('7','Sheena','Koni','Rochester','star way','Rochester','New York',14627,'**','**','******');
Insert into SYSTEM.RECEPTIONISTVIEW (PATIENTID,FIRSTNAME,LASTNAME,APARTMENT,STREET,CITY,STATE,ZIPCODE,AGE,BLOODGROUP,ALLERGY) values ('10','Emily','Clark','Barbara','german road','Barbara','Florida',34566,'**','**','******');
Insert into SYSTEM.RECEPTIONISTVIEW (PATIENTID,FIRSTNAME,LASTNAME,APARTMENT,STREET,CITY,STATE,ZIPCODE,AGE,BLOODGROUP,ALLERGY) values ('8','Uttam','Mali','malta 78','Fortify','malta','New York',14689,'**','**','******');
Insert into SYSTEM.RECEPTIONISTVIEW (PATIENTID,FIRSTNAME,LASTNAME,APARTMENT,STREET,CITY,STATE,ZIPCODE,AGE,BLOODGROUP,ALLERGY) values ('11','Mark','Watson','Rochester','North West Street','Rochester','New York',14623,'**','**','******');
Insert into SYSTEM.RECEPTIONISTVIEW (PATIENTID,FIRSTNAME,LASTNAME,APARTMENT,STREET,CITY,STATE,ZIPCODE,AGE,BLOODGROUP,ALLERGY) values ('9','Ben','Maria','Dallas','golden villa','Dallas','TX',75252,'**','**','******');
Insert into SYSTEM.RECEPTIONISTVIEW (PATIENTID,FIRSTNAME,LASTNAME,APARTMENT,STREET,CITY,STATE,ZIPCODE,AGE,BLOODGROUP,ALLERGY) values ('12','Ben','Maria','Dallas','golden villa','Dallas','TX',75252,'**','**','******');
Insert into SYSTEM.RECEPTIONISTVIEW (PATIENTID,FIRSTNAME,LASTNAME,APARTMENT,STREET,CITY,STATE,ZIPCODE,AGE,BLOODGROUP,ALLERGY) values ('13','Sam','Kochi','Syracuse','german road','Syracuse','NY',14623,'**','**','******');
Insert into SYSTEM.RECEPTIONISTVIEW (PATIENTID,FIRSTNAME,LASTNAME,APARTMENT,STREET,CITY,STATE,ZIPCODE,AGE,BLOODGROUP,ALLERGY) values ('14','Tom','Hudson','New York','brodway','New York','Florida',88,'**','**','******');
Insert into SYSTEM.RECEPTIONISTVIEW (PATIENTID,FIRSTNAME,LASTNAME,APARTMENT,STREET,CITY,STATE,ZIPCODE,AGE,BLOODGROUP,ALLERGY) values ('15','Anushka','Dandekar','Rochester','68 Crittenden Way','Rochester','NY',14623,'**','**','******');
Insert into SYSTEM.RECEPTIONISTVIEW (PATIENTID,FIRSTNAME,LASTNAME,APARTMENT,STREET,CITY,STATE,ZIPCODE,AGE,BLOODGROUP,ALLERGY) values ('16','max','Lee','Dallas','Forest road','Dallas','Texas',98766,'**','**','******');
Insert into SYSTEM.RECEPTIONISTVIEW (PATIENTID,FIRSTNAME,LASTNAME,APARTMENT,STREET,CITY,STATE,ZIPCODE,AGE,BLOODGROUP,ALLERGY) values ('17','Andy','Cot','Dallas','7740 Mccallum Blvd ','Dallas','TX',75252,'**','**','******');
Insert into SYSTEM.RECEPTIONISTVIEW (PATIENTID,FIRSTNAME,LASTNAME,APARTMENT,STREET,CITY,STATE,ZIPCODE,AGE,BLOODGROUP,ALLERGY) values ('18','John','Geil','Barbara','Crittenden Way','Barbara','New York',75252,'**','**','******');
Insert into SYSTEM.RECEPTIONISTVIEW (PATIENTID,FIRSTNAME,LASTNAME,APARTMENT,STREET,CITY,STATE,ZIPCODE,AGE,BLOODGROUP,ALLERGY) values ('19','Roy','Will','Syracuse','german road','Syracuse','New York',16789,'**','**','******');
Insert into SYSTEM.RECEPTIONISTVIEW (PATIENTID,FIRSTNAME,LASTNAME,APARTMENT,STREET,CITY,STATE,ZIPCODE,AGE,BLOODGROUP,ALLERGY) values ('20','Riya','Sen','Boston','North Street','Boston','massachusetts',34566,'**','**','******');
REM INSERTING into SYSTEM.TREATMENTNDPATIENT
SET DEFINE OFF;
Insert into SYSTEM.TREATMENTNDPATIENT (DOC_ID,T_ID,PATIENTID_ID,FIRSTNAME,LASTNAME,AGE,BLOODGROUP,ALLERGY,TREATMENTDESC,DATEFROM,DATETO) values ('1','1','1','David','Green',780,'O+','Cocunut','Fever and flue',to_date('29-MAR-16','DD-MON-RR'),to_date('04-APR-16','DD-MON-RR'));
Insert into SYSTEM.TREATMENTNDPATIENT (DOC_ID,T_ID,PATIENTID_ID,FIRSTNAME,LASTNAME,AGE,BLOODGROUP,ALLERGY,TREATMENTDESC,DATEFROM,DATETO) values ('2','2','2','Anju','Pachpute',23,'O','NA','Temperature',to_date('01-MAR-16','DD-MON-RR'),to_date('04-MAR-16','DD-MON-RR'));
Insert into SYSTEM.TREATMENTNDPATIENT (DOC_ID,T_ID,PATIENTID_ID,FIRSTNAME,LASTNAME,AGE,BLOODGROUP,ALLERGY,TREATMENTDESC,DATEFROM,DATETO) values ('1','3','3','abc','Pachpute',23,'O','NA','E coli',to_date('27-DEC-15','DD-MON-RR'),to_date('27-DEC-15','DD-MON-RR'));
Insert into SYSTEM.TREATMENTNDPATIENT (DOC_ID,T_ID,PATIENTID_ID,FIRSTNAME,LASTNAME,AGE,BLOODGROUP,ALLERGY,TREATMENTDESC,DATEFROM,DATETO) values ('4','4','4','Neha','Sharma',30,'O+','Alrgies from peanuts, lemon','Cold',to_date('01-APR-16','DD-MON-RR'),to_date('07-APR-16','DD-MON-RR'));
Insert into SYSTEM.TREATMENTNDPATIENT (DOC_ID,T_ID,PATIENTID_ID,FIRSTNAME,LASTNAME,AGE,BLOODGROUP,ALLERGY,TREATMENTDESC,DATEFROM,DATETO) values ('4','5','5','Neha','Noon',35,'B+','Kiwi','Flue',to_date('21-APR-16','DD-MON-RR'),to_date('22-APR-16','DD-MON-RR'));
Insert into SYSTEM.TREATMENTNDPATIENT (DOC_ID,T_ID,PATIENTID_ID,FIRSTNAME,LASTNAME,AGE,BLOODGROUP,ALLERGY,TREATMENTDESC,DATEFROM,DATETO) values ('1','6','12','Ben','Maria',23,'A+','Mushrooms','loose motions',to_date('11-APR-16','DD-MON-RR'),to_date('11-APR-16','DD-MON-RR'));
Insert into SYSTEM.TREATMENTNDPATIENT (DOC_ID,T_ID,PATIENTID_ID,FIRSTNAME,LASTNAME,AGE,BLOODGROUP,ALLERGY,TREATMENTDESC,DATEFROM,DATETO) values ('1','7','13','Sam','Kochi',37,'O+','grapes','Cough and headache',to_date('12-APR-16','DD-MON-RR'),to_date('12-APR-16','DD-MON-RR'));
Insert into SYSTEM.TREATMENTNDPATIENT (DOC_ID,T_ID,PATIENTID_ID,FIRSTNAME,LASTNAME,AGE,BLOODGROUP,ALLERGY,TREATMENTDESC,DATEFROM,DATETO) values ('4','8','14','Tom','Hudson',9,'B+','Cashew',null,null,null);
Insert into SYSTEM.TREATMENTNDPATIENT (DOC_ID,T_ID,PATIENTID_ID,FIRSTNAME,LASTNAME,AGE,BLOODGROUP,ALLERGY,TREATMENTDESC,DATEFROM,DATETO) values ('4','9','15','Anushka','Dandekar',25,'O+','Dust','Indigestion',to_date('11-APR-16','DD-MON-RR'),to_date('11-APR-16','DD-MON-RR'));
Insert into SYSTEM.TREATMENTNDPATIENT (DOC_ID,T_ID,PATIENTID_ID,FIRSTNAME,LASTNAME,AGE,BLOODGROUP,ALLERGY,TREATMENTDESC,DATEFROM,DATETO) values ('17','10','16','max','Lee',31,'A+','Cashew','pregnancy',to_date('12-APR-16','DD-MON-RR'),to_date('12-APR-16','DD-MON-RR'));
Insert into SYSTEM.TREATMENTNDPATIENT (DOC_ID,T_ID,PATIENTID_ID,FIRSTNAME,LASTNAME,AGE,BLOODGROUP,ALLERGY,TREATMENTDESC,DATEFROM,DATETO) values ('17','11','17','Andy','Cot',23,'O+','Dust, Cheese','eye irritation',to_date('13-APR-16','DD-MON-RR'),to_date('13-APR-16','DD-MON-RR'));
Insert into SYSTEM.TREATMENTNDPATIENT (DOC_ID,T_ID,PATIENTID_ID,FIRSTNAME,LASTNAME,AGE,BLOODGROUP,ALLERGY,TREATMENTDESC,DATEFROM,DATETO) values ('17','12','18','John','Geil',27,'A+','None','Cold',to_date('13-APR-16','DD-MON-RR'),to_date('18-APR-16','DD-MON-RR'));
Insert into SYSTEM.TREATMENTNDPATIENT (DOC_ID,T_ID,PATIENTID_ID,FIRSTNAME,LASTNAME,AGE,BLOODGROUP,ALLERGY,TREATMENTDESC,DATEFROM,DATETO) values ('17','13','19','Roy','Will',null,null,null,null,null,null);
Insert into SYSTEM.TREATMENTNDPATIENT (DOC_ID,T_ID,PATIENTID_ID,FIRSTNAME,LASTNAME,AGE,BLOODGROUP,ALLERGY,TREATMENTDESC,DATEFROM,DATETO) values ('21','14','20','Riya','Sen',45,'AB+','NONE','Ulcres',to_date('11-APR-16','DD-MON-RR'),to_date('13-APR-16','DD-MON-RR'));
REM INSERTING into SYSTEM.TREATMENT
SET DEFINE OFF;
Insert into SYSTEM.TREATMENT (T_ID,DOC_ID,PATIENTID_ID,DATEFROM,DATETO,TREATMENTDESC) values ('1','1','1',to_date('29-MAR-16','DD-MON-RR'),to_date('04-APR-16','DD-MON-RR'),'Fever and flue');
Insert into SYSTEM.TREATMENT (T_ID,DOC_ID,PATIENTID_ID,DATEFROM,DATETO,TREATMENTDESC) values ('2','2','2',to_date('01-MAR-16','DD-MON-RR'),to_date('04-MAR-16','DD-MON-RR'),'Temperature');
Insert into SYSTEM.TREATMENT (T_ID,DOC_ID,PATIENTID_ID,DATEFROM,DATETO,TREATMENTDESC) values ('3','1','3',to_date('27-DEC-15','DD-MON-RR'),to_date('27-DEC-15','DD-MON-RR'),'E coli');
Insert into SYSTEM.TREATMENT (T_ID,DOC_ID,PATIENTID_ID,DATEFROM,DATETO,TREATMENTDESC) values ('4','4','4',to_date('01-APR-16','DD-MON-RR'),to_date('07-APR-16','DD-MON-RR'),'Cold');
Insert into SYSTEM.TREATMENT (T_ID,DOC_ID,PATIENTID_ID,DATEFROM,DATETO,TREATMENTDESC) values ('5','4','5',to_date('21-APR-16','DD-MON-RR'),to_date('22-APR-16','DD-MON-RR'),'Flue');
Insert into SYSTEM.TREATMENT (T_ID,DOC_ID,PATIENTID_ID,DATEFROM,DATETO,TREATMENTDESC) values ('8','4','14',null,null,null);
Insert into SYSTEM.TREATMENT (T_ID,DOC_ID,PATIENTID_ID,DATEFROM,DATETO,TREATMENTDESC) values ('6','1','12',to_date('11-APR-16','DD-MON-RR'),to_date('11-APR-16','DD-MON-RR'),'loose motions');
Insert into SYSTEM.TREATMENT (T_ID,DOC_ID,PATIENTID_ID,DATEFROM,DATETO,TREATMENTDESC) values ('7','1','13',to_date('12-APR-16','DD-MON-RR'),to_date('12-APR-16','DD-MON-RR'),'Cough and headache');
Insert into SYSTEM.TREATMENT (T_ID,DOC_ID,PATIENTID_ID,DATEFROM,DATETO,TREATMENTDESC) values ('9','4','15',to_date('11-APR-16','DD-MON-RR'),to_date('11-APR-16','DD-MON-RR'),'Indigestion');
Insert into SYSTEM.TREATMENT (T_ID,DOC_ID,PATIENTID_ID,DATEFROM,DATETO,TREATMENTDESC) values ('10','17','16',to_date('12-APR-16','DD-MON-RR'),to_date('12-APR-16','DD-MON-RR'),'pregnancy');
Insert into SYSTEM.TREATMENT (T_ID,DOC_ID,PATIENTID_ID,DATEFROM,DATETO,TREATMENTDESC) values ('11','17','17',to_date('13-APR-16','DD-MON-RR'),to_date('13-APR-16','DD-MON-RR'),'eye irritation');
Insert into SYSTEM.TREATMENT (T_ID,DOC_ID,PATIENTID_ID,DATEFROM,DATETO,TREATMENTDESC) values ('12','17','18',to_date('13-APR-16','DD-MON-RR'),to_date('18-APR-16','DD-MON-RR'),'Cold');
Insert into SYSTEM.TREATMENT (T_ID,DOC_ID,PATIENTID_ID,DATEFROM,DATETO,TREATMENTDESC) values ('13','17','19',null,null,null);
Insert into SYSTEM.TREATMENT (T_ID,DOC_ID,PATIENTID_ID,DATEFROM,DATETO,TREATMENTDESC) values ('14','21','20',to_date('11-APR-16','DD-MON-RR'),to_date('13-APR-16','DD-MON-RR'),'Ulcres');
--------------------------------------------------------
--  DDL for Index ADMIN_PK
--------------------------------------------------------

  CREATE UNIQUE INDEX "SYSTEM"."ADMIN_PK" ON "SYSTEM"."ADMIN" ("A_ID") 
  PCTFREE 10 INITRANS 2 MAXTRANS 255 COMPUTE STATISTICS 
  STORAGE(INITIAL 65536 NEXT 1048576 MINEXTENTS 1 MAXEXTENTS 2147483645
  PCTINCREASE 0 FREELISTS 1 FREELIST GROUPS 1 BUFFER_POOL DEFAULT FLASH_CACHE DEFAULT CELL_FLASH_CACHE DEFAULT)
  TABLESPACE "SYSTEM" ;
--------------------------------------------------------
--  DDL for Index CONS
--------------------------------------------------------

  CREATE UNIQUE INDEX "SYSTEM"."CONS" ON "SYSTEM"."DOCTOR" ("D_ID") 
  PCTFREE 10 INITRANS 2 MAXTRANS 255 COMPUTE STATISTICS 
  STORAGE(INITIAL 65536 NEXT 1048576 MINEXTENTS 1 MAXEXTENTS 2147483645
  PCTINCREASE 0 FREELISTS 1 FREELIST GROUPS 1 BUFFER_POOL DEFAULT FLASH_CACHE DEFAULT CELL_FLASH_CACHE DEFAULT)
  TABLESPACE "SYSTEM" ;
--------------------------------------------------------
--  DDL for Index EMPLOYEE_PK
--------------------------------------------------------

  CREATE UNIQUE INDEX "SYSTEM"."EMPLOYEE_PK" ON "SYSTEM"."EMPLOYEE" ("EMPID") 
  PCTFREE 10 INITRANS 2 MAXTRANS 255 COMPUTE STATISTICS 
  STORAGE(INITIAL 65536 NEXT 1048576 MINEXTENTS 1 MAXEXTENTS 2147483645
  PCTINCREASE 0 FREELISTS 1 FREELIST GROUPS 1 BUFFER_POOL DEFAULT FLASH_CACHE DEFAULT CELL_FLASH_CACHE DEFAULT)
  TABLESPACE "SYSTEM" ;
--------------------------------------------------------
--  DDL for Index CONNS
--------------------------------------------------------

  CREATE UNIQUE INDEX "SYSTEM"."CONNS" ON "SYSTEM"."NURSE" ("N_ID") 
  PCTFREE 10 INITRANS 2 MAXTRANS 255 COMPUTE STATISTICS 
  STORAGE(INITIAL 65536 NEXT 1048576 MINEXTENTS 1 MAXEXTENTS 2147483645
  PCTINCREASE 0 FREELISTS 1 FREELIST GROUPS 1 BUFFER_POOL DEFAULT FLASH_CACHE DEFAULT CELL_FLASH_CACHE DEFAULT)
  TABLESPACE "SYSTEM" ;
--------------------------------------------------------
--  DDL for Index PATIENTKEY
--------------------------------------------------------

  CREATE UNIQUE INDEX "SYSTEM"."PATIENTKEY" ON "SYSTEM"."PATIENT" ("PATIENTID") 
  PCTFREE 10 INITRANS 2 MAXTRANS 255 COMPUTE STATISTICS 
  STORAGE(INITIAL 65536 NEXT 1048576 MINEXTENTS 1 MAXEXTENTS 2147483645
  PCTINCREASE 0 FREELISTS 1 FREELIST GROUPS 1 BUFFER_POOL DEFAULT FLASH_CACHE DEFAULT CELL_FLASH_CACHE DEFAULT)
  TABLESPACE "SYSTEM" ;
--------------------------------------------------------
--  DDL for Index RECEPTIONIST_PK
--------------------------------------------------------

  CREATE UNIQUE INDEX "SYSTEM"."RECEPTIONIST_PK" ON "SYSTEM"."RECEPTIONIST" ("R_ID") 
  PCTFREE 10 INITRANS 2 MAXTRANS 255 COMPUTE STATISTICS 
  STORAGE(INITIAL 65536 NEXT 1048576 MINEXTENTS 1 MAXEXTENTS 2147483645
  PCTINCREASE 0 FREELISTS 1 FREELIST GROUPS 1 BUFFER_POOL DEFAULT FLASH_CACHE DEFAULT CELL_FLASH_CACHE DEFAULT)
  TABLESPACE "SYSTEM" ;
--------------------------------------------------------
--  DDL for Index SESSIONTRACK_PK
--------------------------------------------------------

  CREATE UNIQUE INDEX "SYSTEM"."SESSIONTRACK_PK" ON "SYSTEM"."SESSIONTRACK" ("SESSIONID") 
  PCTFREE 10 INITRANS 2 MAXTRANS 255 
  STORAGE(INITIAL 65536 NEXT 1048576 MINEXTENTS 1 MAXEXTENTS 2147483645
  PCTINCREASE 0 FREELISTS 1 FREELIST GROUPS 1 BUFFER_POOL DEFAULT FLASH_CACHE DEFAULT CELL_FLASH_CACHE DEFAULT)
  TABLESPACE "SYSTEM" ;
--------------------------------------------------------
--  DDL for Index SYS_C008694
--------------------------------------------------------

  CREATE UNIQUE INDEX "SYSTEM"."SYS_C008694" ON "SYSTEM"."TREATMENT" ("T_ID") 
  PCTFREE 10 INITRANS 2 MAXTRANS 255 COMPUTE STATISTICS 
  STORAGE(INITIAL 65536 NEXT 1048576 MINEXTENTS 1 MAXEXTENTS 2147483645
  PCTINCREASE 0 FREELISTS 1 FREELIST GROUPS 1 BUFFER_POOL DEFAULT FLASH_CACHE DEFAULT CELL_FLASH_CACHE DEFAULT)
  TABLESPACE "SYSTEM" ;
--------------------------------------------------------
--  Constraints for Table ADMIN
--------------------------------------------------------

  ALTER TABLE "SYSTEM"."ADMIN" ADD CONSTRAINT "ADMIN_PK" PRIMARY KEY ("A_ID")
  USING INDEX PCTFREE 10 INITRANS 2 MAXTRANS 255 COMPUTE STATISTICS 
  STORAGE(INITIAL 65536 NEXT 1048576 MINEXTENTS 1 MAXEXTENTS 2147483645
  PCTINCREASE 0 FREELISTS 1 FREELIST GROUPS 1 BUFFER_POOL DEFAULT FLASH_CACHE DEFAULT CELL_FLASH_CACHE DEFAULT)
  TABLESPACE "SYSTEM"  ENABLE;
  ALTER TABLE "SYSTEM"."ADMIN" MODIFY ("LASTNAME" NOT NULL ENABLE);
  ALTER TABLE "SYSTEM"."ADMIN" MODIFY ("FIRSTNAME" NOT NULL ENABLE);
  ALTER TABLE "SYSTEM"."ADMIN" MODIFY ("A_ID" NOT NULL ENABLE);
--------------------------------------------------------
--  Constraints for Table DOCTOR
--------------------------------------------------------

  ALTER TABLE "SYSTEM"."DOCTOR" ADD CONSTRAINT "CONS" PRIMARY KEY ("D_ID")
  USING INDEX PCTFREE 10 INITRANS 2 MAXTRANS 255 COMPUTE STATISTICS 
  STORAGE(INITIAL 65536 NEXT 1048576 MINEXTENTS 1 MAXEXTENTS 2147483645
  PCTINCREASE 0 FREELISTS 1 FREELIST GROUPS 1 BUFFER_POOL DEFAULT FLASH_CACHE DEFAULT CELL_FLASH_CACHE DEFAULT)
  TABLESPACE "SYSTEM"  ENABLE;
  ALTER TABLE "SYSTEM"."DOCTOR" MODIFY ("D_ID" NOT NULL ENABLE);
--------------------------------------------------------
--  Constraints for Table EMPLOYEE
--------------------------------------------------------

  ALTER TABLE "SYSTEM"."EMPLOYEE" ADD CONSTRAINT "EMPLOYEE_PK" PRIMARY KEY ("EMPID")
  USING INDEX PCTFREE 10 INITRANS 2 MAXTRANS 255 COMPUTE STATISTICS 
  STORAGE(INITIAL 65536 NEXT 1048576 MINEXTENTS 1 MAXEXTENTS 2147483645
  PCTINCREASE 0 FREELISTS 1 FREELIST GROUPS 1 BUFFER_POOL DEFAULT FLASH_CACHE DEFAULT CELL_FLASH_CACHE DEFAULT)
  TABLESPACE "SYSTEM"  ENABLE;
  ALTER TABLE "SYSTEM"."EMPLOYEE" MODIFY ("EMPID" NOT NULL ENABLE);
  ALTER TABLE "SYSTEM"."EMPLOYEE" MODIFY ("PASSWORD" NOT NULL ENABLE);
  ALTER TABLE "SYSTEM"."EMPLOYEE" MODIFY ("USERNAME" NOT NULL ENABLE);
--------------------------------------------------------
--  Constraints for Table ERROR_LOG
--------------------------------------------------------

  ALTER TABLE "SYSTEM"."ERROR_LOG" MODIFY ("MESSAGE" NOT NULL ENABLE);
--------------------------------------------------------
--  Constraints for Table NURSE
--------------------------------------------------------

  ALTER TABLE "SYSTEM"."NURSE" ADD CONSTRAINT "CONNS" PRIMARY KEY ("N_ID")
  USING INDEX PCTFREE 10 INITRANS 2 MAXTRANS 255 COMPUTE STATISTICS 
  STORAGE(INITIAL 65536 NEXT 1048576 MINEXTENTS 1 MAXEXTENTS 2147483645
  PCTINCREASE 0 FREELISTS 1 FREELIST GROUPS 1 BUFFER_POOL DEFAULT FLASH_CACHE DEFAULT CELL_FLASH_CACHE DEFAULT)
  TABLESPACE "SYSTEM"  ENABLE;
  ALTER TABLE "SYSTEM"."NURSE" MODIFY ("N_ID" NOT NULL ENABLE);
--------------------------------------------------------
--  Constraints for Table PATIENT
--------------------------------------------------------

  ALTER TABLE "SYSTEM"."PATIENT" ADD CONSTRAINT "PATIENTKEY" PRIMARY KEY ("PATIENTID")
  USING INDEX PCTFREE 10 INITRANS 2 MAXTRANS 255 COMPUTE STATISTICS 
  STORAGE(INITIAL 65536 NEXT 1048576 MINEXTENTS 1 MAXEXTENTS 2147483645
  PCTINCREASE 0 FREELISTS 1 FREELIST GROUPS 1 BUFFER_POOL DEFAULT FLASH_CACHE DEFAULT CELL_FLASH_CACHE DEFAULT)
  TABLESPACE "SYSTEM"  ENABLE;
--------------------------------------------------------
--  Constraints for Table RECEPTIONIST
--------------------------------------------------------

  ALTER TABLE "SYSTEM"."RECEPTIONIST" ADD CONSTRAINT "RECEPTIONIST_PK" PRIMARY KEY ("R_ID")
  USING INDEX PCTFREE 10 INITRANS 2 MAXTRANS 255 COMPUTE STATISTICS 
  STORAGE(INITIAL 65536 NEXT 1048576 MINEXTENTS 1 MAXEXTENTS 2147483645
  PCTINCREASE 0 FREELISTS 1 FREELIST GROUPS 1 BUFFER_POOL DEFAULT FLASH_CACHE DEFAULT CELL_FLASH_CACHE DEFAULT)
  TABLESPACE "SYSTEM"  ENABLE;
  ALTER TABLE "SYSTEM"."RECEPTIONIST" MODIFY ("LASTNAME" NOT NULL ENABLE);
  ALTER TABLE "SYSTEM"."RECEPTIONIST" MODIFY ("FIRSTNAME" NOT NULL ENABLE);
  ALTER TABLE "SYSTEM"."RECEPTIONIST" MODIFY ("R_ID" NOT NULL ENABLE);
--------------------------------------------------------
--  Constraints for Table SESSIONTRACK
--------------------------------------------------------

  ALTER TABLE "SYSTEM"."SESSIONTRACK" ADD CONSTRAINT "SESSIONTRACK_PK" PRIMARY KEY ("SESSIONID")
  USING INDEX PCTFREE 10 INITRANS 2 MAXTRANS 255 
  STORAGE(INITIAL 65536 NEXT 1048576 MINEXTENTS 1 MAXEXTENTS 2147483645
  PCTINCREASE 0 FREELISTS 1 FREELIST GROUPS 1 BUFFER_POOL DEFAULT FLASH_CACHE DEFAULT CELL_FLASH_CACHE DEFAULT)
  TABLESPACE "SYSTEM"  ENABLE;
  ALTER TABLE "SYSTEM"."SESSIONTRACK" MODIFY ("ATTEMPTS" NOT NULL ENABLE);
  ALTER TABLE "SYSTEM"."SESSIONTRACK" MODIFY ("SESSIONID" NOT NULL ENABLE);
--------------------------------------------------------
--  Constraints for Table TREATMENT
--------------------------------------------------------

  ALTER TABLE "SYSTEM"."TREATMENT" ADD PRIMARY KEY ("T_ID")
  USING INDEX PCTFREE 10 INITRANS 2 MAXTRANS 255 COMPUTE STATISTICS 
  STORAGE(INITIAL 65536 NEXT 1048576 MINEXTENTS 1 MAXEXTENTS 2147483645
  PCTINCREASE 0 FREELISTS 1 FREELIST GROUPS 1 BUFFER_POOL DEFAULT FLASH_CACHE DEFAULT CELL_FLASH_CACHE DEFAULT)
  TABLESPACE "SYSTEM"  ENABLE;
  ALTER TABLE "SYSTEM"."TREATMENT" MODIFY ("PATIENTID_ID" NOT NULL ENABLE);
  ALTER TABLE "SYSTEM"."TREATMENT" MODIFY ("DOC_ID" NOT NULL ENABLE);
--------------------------------------------------------
--  Ref Constraints for Table DOCTOR
--------------------------------------------------------

  ALTER TABLE "SYSTEM"."DOCTOR" ADD CONSTRAINT "CONID" FOREIGN KEY ("D_ID")
	  REFERENCES "SYSTEM"."EMPLOYEE" ("EMPID") ENABLE;
--------------------------------------------------------
--  Ref Constraints for Table NURSE
--------------------------------------------------------

  ALTER TABLE "SYSTEM"."NURSE" ADD CONSTRAINT "CONNID" FOREIGN KEY ("N_ID")
	  REFERENCES "SYSTEM"."EMPLOYEE" ("EMPID") ENABLE;
  ALTER TABLE "SYSTEM"."NURSE" ADD CONSTRAINT "SUPID" FOREIGN KEY ("SUPERVISER_ID")
	  REFERENCES "SYSTEM"."DOCTOR" ("D_ID") ENABLE;
--------------------------------------------------------
--  Ref Constraints for Table TREATMENT
--------------------------------------------------------

  ALTER TABLE "SYSTEM"."TREATMENT" ADD CONSTRAINT "CON1" FOREIGN KEY ("PATIENTID_ID")
	  REFERENCES "SYSTEM"."PATIENT" ("PATIENTID") ENABLE;
--------------------------------------------------------
--  DDL for Trigger UPDATEP
--------------------------------------------------------

  CREATE OR REPLACE TRIGGER "SYSTEM"."UPDATEP" 
  After Update  ON Patient
BEGIN
    Insert into ERROR_LOG_PATIENT(MESSAGE,TIMEDATE)values('Patient Record Updated at:',CURRENT_TIMESTAMP);

END;
/
ALTER TRIGGER "SYSTEM"."UPDATEP" ENABLE;
--------------------------------------------------------
--  DDL for Trigger UPDATEEMPLOYEE
--------------------------------------------------------

  CREATE OR REPLACE TRIGGER "SYSTEM"."UPDATEEMPLOYEE" 
AFTER UPDATE ON Employee
BEGIN
INSERT INTO ERROR_LOG(MESSAGE,TIMEDATE)values('EMPLOYEE RECORD UPDATED',CURRENT_TIMESTAMP);
END ;
/
ALTER TRIGGER "SYSTEM"."UPDATEEMPLOYEE" ENABLE;
--------------------------------------------------------
--  DDL for Trigger ROLE_CHANGE
--------------------------------------------------------

  CREATE OR REPLACE TRIGGER "SYSTEM"."ROLE_CHANGE" 
AFTER UPDATE OF ROLE ON EMPLOYEE
FOR EACH ROW
BEGIN
INSERT INTO ERROR_LOG_EMP(MESSAGE,TIMEDATE,OLD_DEPARTMENT,NEW_DEPARTMENT)VALUES('ROLE UPDATE',CURRENT_TIMESTAMP,:OLD.ROLE,:NEW.ROLE);
END;
/
ALTER TRIGGER "SYSTEM"."ROLE_CHANGE" ENABLE;
--------------------------------------------------------
--  DDL for Trigger DELETEPATIENT
--------------------------------------------------------

  CREATE OR REPLACE TRIGGER "SYSTEM"."DELETEPATIENT" 
  AFTER UPDATE  ON Patient
BEGIN
    dbms_output.put('Patient  Record ');

END;
/
ALTER TRIGGER "SYSTEM"."DELETEPATIENT" ENABLE;
